entry_date_time,trade_decision,entry_price,stop_loss_price,target_price,exit_date_time,exit_price,points_achieved,gain_loss,exit_reason
2022-07-04 15:29:00,long,15835.35,15756.17325,16112.468625000001,2022-07-05 15:29:00,15805.95,-29.399999999999636,-2204.9999999999727,squared-off-at-end
2022-07-05 15:29:00,short,15810.85,15889.904249999998,15534.160125,2022-07-06 09:23:00,15889.904249999998,-79.05424999999741,-5929.068749999806,stop-loss-hit
2022-07-06 15:29:00,long,15989.8,15909.850999999999,16269.621500000001,2022-07-07 15:29:00,16136.15,146.35000000000036,10976.250000000027,squared-off-at-end
2022-07-07 15:29:00,long,16132.9,16052.235499999999,16415.22575,2022-07-08 15:29:00,16219.55,86.64999999999964,6498.749999999973,squared-off-at-end
2022-07-08 15:29:00,long,16220.6,16139.497,16504.4605,2022-07-11 09:15:00,16120.75,-99.85000000000036,-7488.750000000027,stop-loss-hit
2022-07-11 15:29:00,long,16216.0,16134.92,16499.780000000002,2022-07-12 09:15:00,16112.15,-103.85000000000036,-7788.750000000027,stop-loss-hit
2022-07-12 15:29:00,short,16058.3,16138.591499999997,15777.27975,2022-07-13 09:17:00,16138.591499999997,-80.29149999999754,-6021.862499999816,stop-loss-hit
2022-07-13 15:29:00,short,15966.65,16046.483249999997,15687.233625,2022-07-14 09:34:00,16046.483249999997,-79.83324999999786,-5987.49374999984,stop-loss-hit
2022-07-14 15:29:00,short,15938.65,16018.343249999998,15659.723625,2022-07-15 09:15:00,16018.343249999998,-79.69324999999844,-5976.993749999883,stop-loss-hit
2022-07-15 15:29:00,long,16049.2,15968.954000000002,16330.061000000002,2022-07-18 15:29:00,16278.15,228.9499999999989,17171.24999999992,squared-off-at-end
2022-07-18 15:29:00,long,16278.5,16197.1075,16563.373750000002,2022-07-19 09:15:00,16187.05,-91.45000000000073,-6858.750000000055,stop-loss-hit
2022-07-19 15:29:00,long,16340.55,16258.847249999999,16626.509625,2022-07-20 15:29:00,16497.4,156.85000000000218,11763.750000000164,squared-off-at-end
2022-07-20 15:29:00,short,16520.85,16603.454249999995,16231.735125,2022-07-21 15:09:00,16603.454249999995,-82.60424999999668,-6195.318749999751,stop-loss-hit
2022-07-21 15:29:00,long,16605.25,16522.22375,16895.841875000002,2022-07-22 15:29:00,16710.7,105.45000000000073,7908.750000000055,squared-off-at-end
2022-07-22 15:29:00,long,16719.45,16635.852750000002,17012.040375,2022-07-25 09:34:00,16635.852750000002,-83.5972499999989,-6269.793749999917,stop-loss-hit
2022-07-25 15:29:00,long,16631.0,16547.845,16922.0425,2022-07-26 09:22:00,16547.845,-83.15499999999884,-6236.624999999913,stop-loss-hit
2022-07-26 15:29:00,short,16483.85,16566.269249999998,16195.382624999998,2022-07-27 11:43:00,16566.269249999998,-82.41924999999901,-6181.443749999926,stop-loss-hit
2022-07-27 15:29:00,long,16641.8,16558.591,16933.0315,2022-07-28 15:07:00,16933.0315,291.2315000000017,21842.362500000127,target-hit
2022-07-28 15:29:00,long,16929.6,16844.951999999997,17225.868,2022-07-29 15:29:00,17158.1,228.5,17137.5,squared-off-at-end
2022-07-29 15:29:00,long,17158.25,17072.45875,17458.519375,2022-08-01 15:29:00,17331.25,173.0,12975.0,squared-off-at-end
2022-08-01 15:29:00,long,17340.05,17253.349749999998,17643.500875,2022-08-02 09:55:00,17253.349749999998,-86.70025000000169,-6502.518750000127,stop-loss-hit
2022-08-02 15:29:00,long,17345.45,17258.72275,17648.995375000002,2022-08-03 10:29:00,17258.72275,-86.72724999999991,-6504.543749999993,stop-loss-hit
2022-08-03 15:29:00,long,17388.15,17301.20925,17692.442625000003,2022-08-04 11:29:00,17301.20925,-86.94075000000157,-6520.556250000118,stop-loss-hit
2022-08-04 15:29:00,long,17382.0,17295.09,17686.185,2022-08-05 15:29:00,17390.3,8.299999999999272,622.4999999999454,squared-off-at-end
2022-08-05 15:29:00,long,17397.5,17310.5125,17701.956250000003,2022-08-08 15:29:00,17522.05,124.54999999999927,9341.249999999945,squared-off-at-end
2022-08-08 15:29:00,long,17525.1,17437.4745,17831.789249999998,2022-08-10 15:29:00,17526.15,1.0500000000029104,78.75000000021828,squared-off-at-end
2022-08-10 15:29:00,long,17534.75,17447.07625,17841.608125000002,2022-08-11 15:29:00,17640.6,105.84999999999854,7938.749999999891,squared-off-at-end
2022-08-11 15:29:00,long,17659.0,17570.704999999998,17968.0325,2022-08-12 15:29:00,17700.25,41.25,3093.75,squared-off-at-end
2022-08-12 15:29:00,long,17698.15,17609.65925,18007.867625000003,2022-08-16 15:29:00,17835.25,137.09999999999854,10282.49999999989,squared-off-at-end
2022-08-16 15:29:00,long,17825.25,17736.12375,18137.191875,2022-08-17 15:29:00,17932.2,106.95000000000073,8021.250000000055,squared-off-at-end
2022-08-17 15:29:00,long,17944.25,17854.52875,18258.274375,2022-08-18 12:01:00,17854.52875,-89.72124999999869,-6729.093749999902,stop-loss-hit
2022-08-18 15:29:00,long,17956.5,17866.7175,18270.73875,2022-08-19 11:09:00,17866.7175,-89.78250000000116,-6733.687500000087,stop-loss-hit
2022-08-19 15:29:00,short,17758.45,17847.24225,17447.677125000002,2022-08-22 15:29:00,17491.5,266.9500000000007,20021.250000000055,squared-off-at-end
2022-08-22 15:29:00,short,17490.7,17578.1535,17184.61275,2022-08-23 09:59:00,17578.1535,-87.45349999999962,-6559.012499999972,stop-loss-hit
2022-08-23 15:29:00,long,17577.5,17489.6125,17885.10625,2022-08-24 15:29:00,17599.25,21.75,1631.25,squared-off-at-end
2022-08-24 15:29:00,long,17604.95,17516.92525,17913.036625,2022-08-25 15:02:00,17516.92525,-88.0247500000005,-6601.856250000037,stop-loss-hit
2022-08-25 15:29:00,short,17522.45,17610.06225,17215.807125000003,2022-08-26 09:15:00,17648.45,-126.0,-9450.0,stop-loss-hit
2022-08-26 15:29:00,long,17558.9,17471.1055,17866.180750000003,2022-08-29 09:15:00,17186.7,-372.2000000000007,-27915.000000000055,stop-loss-hit
2022-08-29 15:29:00,short,17312.9,17399.4645,17009.924250000004,2022-08-30 09:15:00,17446.55,-133.64999999999782,-10023.749999999836,stop-loss-hit
2022-08-30 15:29:00,long,17759.3,17670.5035,18070.08775,2022-09-01 09:15:00,17485.7,-273.59999999999854,-20519.99999999989,stop-loss-hit
2022-09-01 15:29:00,long,17542.8,17455.086,17849.799,2022-09-02 15:29:00,17521.85,-20.950000000000728,-1571.2500000000546,squared-off-at-end
2022-09-02 15:29:00,long,17539.45,17451.75275,17846.390375000003,2022-09-05 15:29:00,17655.3,115.84999999999854,8688.74999999989,squared-off-at-end
2022-09-05 15:29:00,long,17665.8,17577.470999999998,17974.9515,2022-09-06 15:29:00,17643.8,-22.0,-1650.0,squared-off-at-end
2022-09-06 15:29:00,long,17655.6,17567.322,17964.573,2022-09-07 09:15:00,17519.4,-136.1999999999971,-10214.999999999782,stop-loss-hit
2022-09-07 15:29:00,long,17624.4,17536.278000000002,17932.827,2022-09-08 15:29:00,17801.55,177.14999999999782,13286.249999999836,squared-off-at-end
2022-09-08 15:29:00,long,17798.75,17709.75625,18110.228125,2022-09-09 15:29:00,17827.05,28.299999999999272,2122.4999999999454,squared-off-at-end
2022-09-09 15:29:00,long,17833.35,17744.18325,18145.433625,2022-09-12 15:29:00,17927.65,94.30000000000291,7072.500000000218,squared-off-at-end
2022-09-12 15:29:00,long,17936.35,17846.66825,18250.236125,2022-09-13 15:29:00,18067.5,131.15000000000146,9836.25000000011,squared-off-at-end
2022-09-13 15:29:00,long,18070.05,17979.69975,18386.275875,2022-09-14 09:15:00,17771.15,-298.8999999999978,-22417.499999999836,stop-loss-hit
2022-09-14 15:29:00,short,18003.75,18093.76875,17688.684375,2022-09-15 09:21:00,18093.76875,-90.01874999999927,-6751.406249999945,stop-loss-hit
2022-09-15 15:29:00,short,17877.4,17966.787,17564.545500000004,2022-09-16 13:53:00,17564.545500000004,312.85449999999764,23464.087499999823,target-hit
2022-09-16 15:29:00,short,17530.85,17618.504249999998,17224.060125,2022-09-19 09:54:00,17618.504249999998,-87.65424999999959,-6574.068749999969,stop-loss-hit
2022-09-19 15:29:00,long,17622.25,17534.13875,17930.639375000002,2022-09-20 15:29:00,17784.2,161.95000000000073,12146.250000000055,squared-off-at-end
2022-09-20 15:29:00,long,17816.25,17727.16875,18128.034375000003,2022-09-21 11:53:00,17727.16875,-89.08124999999927,-6681.093749999945,stop-loss-hit
2022-09-21 15:29:00,short,17718.35,17806.941749999998,17408.278875,2022-09-22 15:29:00,17631.35,87.0,6525.0,squared-off-at-end
2022-09-22 15:29:00,short,17629.8,17717.948999999997,17321.2785,2022-09-23 14:26:00,17321.2785,308.5214999999989,23139.11249999992,target-hit
2022-09-23 15:29:00,short,17327.35,17413.986749999996,17024.121375,2022-09-26 10:16:00,17024.121375,303.22862499999974,22742.14687499998,target-hit
2022-09-26 15:29:00,long,17016.3,16931.2185,17314.08525,2022-09-27 15:29:00,17032.6,16.299999999999272,1222.4999999999454,squared-off-at-end
2022-09-27 15:29:00,short,17007.4,17092.436999999998,16709.770500000002,2022-09-28 15:29:00,16821.75,185.65000000000146,13923.75000000011,squared-off-at-end
2022-09-28 15:29:00,short,16858.6,16942.892999999996,16563.5745,2022-09-29 09:15:00,17021.4,-162.8000000000029,-12210.000000000218,stop-loss-hit
2022-09-29 15:29:00,short,16818.1,16902.190499999997,16523.78325,2022-09-30 10:34:00,16902.190499999997,-84.09049999999843,-6306.787499999882,stop-loss-hit
2022-09-30 15:29:00,short,17094.35,17179.821749999996,16795.198875,2022-10-03 15:29:00,16881.4,212.9499999999971,15971.249999999782,squared-off-at-end
2022-10-03 15:29:00,short,16887.35,16971.786749999996,16591.821375,2022-10-04 09:15:00,17148.9,-261.5500000000029,-19616.25000000022,stop-loss-hit
2022-10-04 15:29:00,long,17274.3,17187.928499999998,17576.60025,2022-10-06 15:29:00,17320.85,46.54999999999927,3491.2499999999454,squared-off-at-end
2022-10-06 15:29:00,short,17331.8,17418.459,17028.4935,2022-10-07 15:29:00,17314.05,17.75,1331.25,squared-off-at-end
2022-10-07 15:29:00,long,17314.65,17228.07675,17617.656375000002,2022-10-10 09:15:00,17094.35,-220.3000000000029,-16522.50000000022,stop-loss-hit
2022-10-10 15:29:00,short,17241.0,17327.204999999998,16939.2825,2022-10-11 15:29:00,16955.45,285.5499999999993,21416.249999999945,squared-off-at-end
2022-10-11 15:29:00,short,16983.55,17068.467749999996,16686.337875,2022-10-12 09:42:00,17068.467749999996,-84.91774999999689,-6368.831249999766,stop-loss-hit
2022-10-12 15:29:00,long,17123.6,17037.982,17423.263,2022-10-13 10:10:00,17037.982,-85.61799999999857,-6421.349999999893,stop-loss-hit
2022-10-13 15:29:00,short,17014.35,17099.421749999998,16716.598875,2022-10-14 09:15:00,17328.65,-314.3000000000029,-23572.50000000022,stop-loss-hit
2022-10-14 15:29:00,long,17185.7,17099.7715,17486.449750000003,2022-10-17 09:32:00,17099.7715,-85.9285000000018,-6444.637500000135,stop-loss-hit
2022-10-17 15:29:00,long,17311.8,17225.240999999998,17614.7565,2022-10-18 15:29:00,17490.65,178.85000000000218,13413.750000000164,squared-off-at-end
2022-10-18 15:29:00,short,17486.95,17574.384749999997,17180.928375000003,2022-10-19 09:15:00,17574.384749999997,-87.43474999999671,-6557.606249999753,stop-loss-hit
2022-10-19 15:29:00,long,17512.25,17424.68875,17818.714375,2022-10-20 09:15:00,17423.1,-89.15000000000146,-6686.250000000109,stop-loss-hit
2022-10-20 15:29:00,long,17563.95,17476.130250000002,17871.319125,2022-10-21 15:29:00,17587.5,23.549999999999272,1766.2499999999454,squared-off-at-end
2022-10-25 15:29:00,short,17656.35,17744.631749999997,17347.363875,2022-10-27 09:15:00,17782.85,-126.5,-9487.5,stop-loss-hit
2022-10-27 15:29:00,long,17736.95,17648.26525,18047.346625000002,2022-10-28 15:29:00,17794.65,57.70000000000073,4327.500000000055,squared-off-at-end
2022-10-28 15:29:00,long,17786.8,17697.865999999998,18098.069,2022-10-31 15:29:00,18018.25,231.45000000000073,17358.750000000055,squared-off-at-end
2022-10-31 15:29:00,long,18012.2,17922.139,18327.413500000002,2022-11-01 15:29:00,18143.35,131.14999999999782,9836.249999999836,squared-off-at-end
2022-11-01 15:29:00,long,18145.4,18054.673000000003,18462.9445,2022-11-02 14:01:00,18054.673000000003,-90.72699999999895,-6804.524999999921,stop-loss-hit
2022-11-02 15:29:00,long,18082.85,17992.435749999997,18399.299875,2022-11-03 09:15:00,17964.6,-118.25,-8868.75,stop-loss-hit
2022-11-03 15:29:00,short,18052.7,18142.963499999998,17736.77775,2022-11-04 15:29:00,18131.1,-78.39999999999782,-5879.999999999836,squared-off-at-end
2022-11-04 15:29:00,long,18117.15,18026.564250000003,18434.200125000003,2022-11-07 15:29:00,18202.8,85.64999999999782,6423.749999999836,squared-off-at-end
2022-11-07 15:29:00,long,18202.8,18111.786,18521.349000000002,2022-11-09 15:29:00,18128.35,-74.45000000000073,-5583.750000000055,squared-off-at-end
2022-11-09 15:29:00,short,18157.0,18247.785,17839.252500000002,2022-11-10 15:29:00,18035.8,121.20000000000073,9090.000000000055,squared-off-at-end
2022-11-10 15:29:00,short,18028.2,18118.341,17712.7065,2022-11-11 09:15:00,18287.1,-258.8999999999978,-19417.499999999836,stop-loss-hit
2022-11-11 15:29:00,long,18349.7,18257.9515,18670.819750000002,2022-11-14 15:29:00,18316.25,-33.45000000000073,-2508.7500000000546,squared-off-at-end
2022-11-14 15:29:00,short,18329.15,18420.79575,18008.389875,2022-11-15 15:23:00,18420.79575,-91.64574999999968,-6873.431249999976,stop-loss-hit
2022-11-15 15:29:00,long,18403.4,18311.383,18725.459500000004,2022-11-16 15:29:00,18401.75,-1.6500000000014552,-123.75000000010914,squared-off-at-end
2022-11-16 15:29:00,long,18409.65,18317.60175,18731.818875000004,2022-11-17 15:20:00,18317.60175,-92.04824999999983,-6903.618749999987,stop-loss-hit
2022-11-17 15:29:00,short,18343.9,18435.6195,18022.88175,2022-11-18 15:29:00,18306.85,37.05000000000291,2778.7500000002183,squared-off-at-end
2022-11-18 15:29:00,short,18307.65,18399.18825,17987.266125000002,2022-11-21 15:29:00,18156.25,151.40000000000146,11355.00000000011,squared-off-at-end
2022-11-21 15:29:00,short,18159.95,18250.74975,17842.150875000003,2022-11-22 15:15:00,18250.74975,-90.79974999999831,-6809.981249999873,stop-loss-hit
2022-11-22 15:29:00,long,18244.2,18152.979,18563.473500000004,2022-11-23 15:29:00,18251.75,7.549999999999272,566.2499999999454,squared-off-at-end
2022-11-23 15:29:00,long,18267.25,18175.91375,18586.926875,2022-11-24 15:29:00,18514.95,247.70000000000073,18577.500000000055,squared-off-at-end
2022-11-24 15:29:00,long,18484.1,18391.6795,18807.57175,2022-11-25 15:29:00,18501.5,17.400000000001455,1305.0000000001091,squared-off-at-end
2022-11-25 15:29:00,long,18512.75,18420.18625,18836.723125,2022-11-28 15:29:00,18552.05,39.29999999999927,2947.4999999999454,squared-off-at-end
2022-11-28 15:29:00,short,18562.75,18655.563749999998,18237.901875,2022-11-29 11:05:00,18655.563749999998,-92.81374999999753,-6961.0312499998145,stop-loss-hit
2022-11-29 15:29:00,long,18618.05,18524.959749999998,18943.865875,2022-11-30 15:29:00,18797.45,179.40000000000146,13455.00000000011,squared-off-at-end
2022-11-30 15:29:00,long,18758.35,18664.55825,19086.621125,2022-12-01 15:29:00,18803.6,45.25,3393.75,squared-off-at-end
2022-12-01 15:29:00,long,18812.5,18718.4375,19141.71875,2022-12-02 09:44:00,18718.4375,-94.0625,-7054.6875,stop-loss-hit
2022-12-02 15:29:00,short,18696.1,18789.580499999996,18368.91825,2022-12-05 15:29:00,18689.5,6.599999999998545,494.99999999989086,squared-off-at-end
2022-12-05 15:29:00,long,18701.05,18607.54475,19028.318375,2022-12-06 09:15:00,18600.65,-100.39999999999782,-7529.999999999836,stop-loss-hit
2022-12-06 15:29:00,short,18642.75,18735.96375,18316.501875,2022-12-07 15:29:00,18547.95,94.79999999999927,7109.999999999945,squared-off-at-end
2022-12-07 15:29:00,short,18560.5,18653.302499999998,18235.69125,2022-12-08 15:29:00,18616.8,-56.29999999999927,-4222.499999999945,squared-off-at-end
2022-12-08 15:29:00,long,18609.35,18516.303249999997,18935.013625,2022-12-09 12:34:00,18516.303249999997,-93.04675000000134,-6978.5062500001,stop-loss-hit
2022-12-09 15:29:00,short,18496.6,18589.082999999995,18172.909499999998,2022-12-12 15:29:00,18502.2,-5.600000000002183,-420.0000000001637,squared-off-at-end
2022-12-12 15:29:00,long,18497.15,18404.66425,18820.850125000004,2022-12-13 15:29:00,18594.35,97.19999999999709,7289.999999999782,squared-off-at-end
2022-12-13 15:29:00,long,18608.0,18514.96,18933.640000000003,2022-12-14 15:29:00,18646.6,38.599999999998545,2894.999999999891,squared-off-at-end
2022-12-14 15:29:00,short,18660.3,18753.601499999997,18333.74475,2022-12-15 15:29:00,18395.85,264.4500000000007,19833.750000000055,squared-off-at-end
2022-12-15 15:29:00,short,18414.9,18506.9745,18092.639250000004,2022-12-16 15:29:00,18266.75,148.15000000000146,11111.25000000011,squared-off-at-end
2022-12-16 15:29:00,short,18269.0,18360.344999999998,17949.2925,2022-12-19 11:37:00,18360.344999999998,-91.34499999999753,-6850.8749999998145,stop-loss-hit
2022-12-19 15:29:00,long,18420.45,18328.34775,18742.807875000002,2022-12-20 09:16:00,18328.34775,-92.10224999999991,-6907.668749999993,stop-loss-hit
2022-12-20 15:29:00,long,18385.3,18293.373499999998,18707.04275,2022-12-21 12:34:00,18293.373499999998,-91.9265000000014,-6894.487500000105,stop-loss-hit
2022-12-21 15:29:00,short,18199.1,18290.095499999996,17880.61575,2022-12-22 09:15:00,18290.095499999996,-90.99549999999726,-6824.662499999795,stop-loss-hit
2022-12-22 15:29:00,short,18127.35,18217.986749999996,17810.121375,2022-12-23 15:05:00,17810.121375,317.22862499999974,23792.14687499998,target-hit
2022-12-23 15:29:00,short,17806.8,17895.834,17495.181,2022-12-26 09:25:00,17895.834,-89.03399999999965,-6677.549999999974,stop-loss-hit
2022-12-26 15:29:00,long,18014.6,17924.527,18329.8555,2022-12-27 15:29:00,18134.05,119.45000000000073,8958.750000000055,squared-off-at-end
2022-12-27 15:29:00,long,18132.3,18041.6385,18449.61525,2022-12-28 15:29:00,18112.3,-20.0,-1500.0,squared-off-at-end
2022-12-28 15:29:00,short,18122.5,18213.1125,17805.35625,2022-12-29 15:29:00,18203.7,-81.20000000000073,-6090.000000000055,squared-off-at-end
2022-12-29 15:29:00,long,18191.0,18100.045,18509.342500000002,2022-12-30 15:02:00,18100.045,-90.95500000000175,-6821.625000000131,stop-loss-hit
2022-12-30 15:29:00,short,18105.3,18195.826499999996,17788.45725,2023-01-02 11:05:00,18195.826499999996,-90.5264999999963,-6789.487499999723,stop-loss-hit
2023-01-02 15:29:00,long,18197.45,18106.462750000002,18515.905375000002,2023-01-03 15:29:00,18233.7,36.25,2718.75,squared-off-at-end
2023-01-03 15:29:00,long,18232.55,18141.38725,18551.619625,2023-01-04 09:56:00,18137.95,-94.59999999999854,-7094.999999999891,stop-loss-hit
2023-01-04 15:29:00,short,18042.95,18133.16475,17727.198375,2023-01-05 15:29:00,18003.5,39.45000000000073,2958.7500000000546,squared-off-at-end
2023-01-05 15:29:00,short,17992.15,18082.11075,17677.287375000004,2023-01-06 15:29:00,17862.45,129.70000000000073,9727.500000000055,squared-off-at-end
2023-01-06 15:29:00,short,17859.45,17948.74725,17546.909625,2023-01-09 09:15:00,17959.45,-100.0,-7500.0,stop-loss-hit
2023-01-09 15:29:00,long,18101.2,18010.694,18417.971,2023-01-10 09:32:00,18010.694,-90.50600000000122,-6787.950000000092,stop-loss-hit
2023-01-10 15:29:00,short,17914.15,18003.72075,17600.652375,2023-01-11 15:29:00,17892.5,21.650000000001455,1623.7500000001091,squared-off-at-end
2023-01-11 15:29:00,short,17895.7,17985.178499999998,17582.525250000002,2023-01-12 15:29:00,17864.6,31.100000000002183,2332.5000000001637,squared-off-at-end
2023-01-12 15:29:00,short,17858.2,17947.490999999998,17545.681500000002,2023-01-13 13:11:00,17947.490999999998,-89.29099999999744,-6696.824999999808,stop-loss-hit
2023-01-13 15:29:00,long,17956.6,17866.817,18270.8405,2023-01-16 13:57:00,17866.817,-89.78299999999945,-6733.7249999999585,stop-loss-hit
2023-01-16 15:29:00,short,17894.85,17984.324249999998,17581.690125,2023-01-17 09:50:00,17992.9,-98.05000000000291,-7353.750000000218,stop-loss-hit
2023-01-17 15:29:00,long,18053.3,17963.033499999998,18369.23275,2023-01-18 15:29:00,18168.35,115.04999999999927,8628.749999999945,squared-off-at-end
2023-01-18 15:29:00,long,18165.35,18074.52325,18483.243625,2023-01-19 10:04:00,18074.52325,-90.82675000000017,-6812.006250000013,stop-loss-hit
2023-01-19 15:29:00,short,18107.85,18198.389249999997,17790.962625,2023-01-20 15:29:00,18023.3,84.54999999999927,6341.249999999945,squared-off-at-end
2023-01-20 15:29:00,short,18027.65,18117.788249999998,17712.166125000003,2023-01-23 09:15:00,18118.45,-90.79999999999927,-6809.999999999945,stop-loss-hit
2023-01-23 15:29:00,long,18118.55,18027.95725,18435.624625,2023-01-24 15:29:00,18105.4,-13.149999999997817,-986.2499999998363,squared-off-at-end
2023-01-24 15:29:00,long,18118.3,18027.7085,18435.37025,2023-01-25 09:33:00,18027.7085,-90.59149999999863,-6794.362499999897,stop-loss-hit
2023-01-25 15:29:00,short,17891.95,17981.40975,17578.840875,2023-01-27 12:32:00,17578.840875,313.10912499999904,23483.184374999928,target-hit
2023-01-27 15:29:00,long,17604.35,17516.32825,17912.426124999998,2023-01-30 09:15:00,17516.32825,-88.02174999999988,-6601.631249999991,stop-loss-hit
2023-01-30 15:29:00,long,17648.95,17560.70525,17957.806625,2023-01-31 09:57:00,17560.70525,-88.24475000000166,-6618.356250000124,stop-loss-hit
2023-01-31 15:29:00,long,17662.15,17573.83925,17971.237625,2023-02-01 12:59:00,17971.237625,309.0876250000001,23181.57187500001,target-hit
2023-02-01 15:29:00,short,17616.3,17704.381499999996,17308.01475,2023-02-02 15:29:00,17603.5,12.799999999999272,959.9999999999454,squared-off-at-end
2023-02-02 15:29:00,short,17610.4,17698.452,17302.218,2023-02-03 09:15:00,17725.5,-115.09999999999854,-8632.49999999989,stop-loss-hit
2023-02-03 15:29:00,long,17854.05,17764.779749999998,18166.495875,2023-02-06 09:25:00,17764.779749999998,-89.2702500000014,-6695.268750000105,stop-loss-hit
2023-02-06 15:29:00,long,17764.6,17675.777,18075.4805,2023-02-07 12:50:00,17675.777,-88.82300000000032,-6661.725000000024,stop-loss-hit
2023-02-07 15:29:00,long,17721.5,17632.892499999998,18031.62625,2023-02-08 15:29:00,17861.2,139.70000000000073,10477.500000000055,squared-off-at-end
2023-02-08 15:29:00,long,17871.7,17782.341500000002,18184.45475,2023-02-09 09:45:00,17782.341500000002,-89.35849999999846,-6701.887499999884,stop-loss-hit
2023-02-09 15:29:00,long,17893.45,17803.98275,18206.585375000002,2023-02-10 09:49:00,17803.98275,-89.46725000000151,-6710.0437500001135,stop-loss-hit
2023-02-10 15:29:00,short,17856.5,17945.782499999998,17544.01125,2023-02-13 15:29:00,17767.85,88.65000000000146,6648.750000000109,squared-off-at-end
2023-02-13 15:29:00,short,17770.9,17859.7545,17459.90925,2023-02-14 11:19:00,17859.7545,-88.85449999999764,-6664.087499999823,stop-loss-hit
2023-02-14 15:29:00,long,17929.85,17840.20075,18243.622375,2023-02-15 15:29:00,18020.15,90.30000000000291,6772.500000000218,squared-off-at-end
2023-02-15 15:29:00,long,18015.85,17925.77075,18331.127375,2023-02-16 15:29:00,18007.2,-8.649999999997817,-648.7499999998363,squared-off-at-end
2023-02-16 15:29:00,long,18035.85,17945.670749999997,18351.477375,2023-02-17 09:15:00,17945.670749999997,-90.17925000000105,-6763.443750000079,stop-loss-hit
2023-02-17 15:29:00,short,17944.2,18033.921,17630.1765,2023-02-20 15:29:00,17847.5,96.70000000000073,7252.500000000055,squared-off-at-end
2023-02-20 15:29:00,short,17844.6,17933.822999999997,17532.319499999998,2023-02-21 15:29:00,17837.65,6.94999999999709,521.2499999997817,squared-off-at-end
2023-02-21 15:29:00,short,17826.7,17915.8335,17514.732750000003,2023-02-22 15:29:00,17548.7,278.0,20850.0,squared-off-at-end
2023-02-22 15:29:00,short,17554.3,17642.0715,17247.09975,2023-02-23 15:29:00,17513.75,40.54999999999927,3041.2499999999454,squared-off-at-end
2023-02-23 15:29:00,long,17511.25,17423.69375,17817.696875,2023-02-24 13:03:00,17423.69375,-87.55625000000146,-6566.718750000109,stop-loss-hit
2023-02-24 15:29:00,short,17465.8,17553.128999999997,17160.1485,2023-02-27 15:29:00,17404.9,60.89999999999782,4567.499999999836,squared-off-at-end
2023-02-27 15:29:00,short,17392.7,17479.6635,17088.32775,2023-02-28 15:29:00,17310.75,81.95000000000073,6146.250000000055,squared-off-at-end
2023-02-28 15:29:00,long,17303.95,17217.43025,17606.769125000003,2023-03-01 15:29:00,17452.65,148.70000000000073,11152.500000000055,squared-off-at-end
2023-03-01 15:29:00,long,17450.9,17363.645500000002,17756.290750000004,2023-03-02 09:51:00,17363.645500000002,-87.2544999999991,-6544.087499999932,stop-loss-hit
2023-03-02 15:29:00,short,17321.9,17408.5095,17018.766750000003,2023-03-03 09:15:00,17451.25,-129.34999999999854,-9701.24999999989,stop-loss-hit
2023-03-03 15:29:00,long,17594.35,17506.378249999998,17902.251125,2023-03-06 15:29:00,17722.15,127.80000000000291,9585.000000000218,squared-off-at-end
2023-03-06 15:29:00,long,17711.45,17622.89275,18021.400375,2023-03-08 09:15:00,17622.89275,-88.55725000000166,-6641.793750000124,stop-loss-hit
2023-03-08 15:29:00,long,17754.4,17665.628,18065.102000000003,2023-03-09 12:20:00,17665.628,-88.77200000000084,-6657.900000000063,stop-loss-hit
2023-03-09 15:29:00,long,17589.6,17501.652,17897.418,2023-03-10 09:15:00,17400.85,-188.75,-14156.25,stop-loss-hit
2023-03-10 15:29:00,short,17412.9,17499.9645,17108.174250000004,2023-03-13 09:19:00,17499.9645,-87.06449999999677,-6529.837499999758,stop-loss-hit
2023-03-13 15:29:00,long,17154.3,17068.5285,17454.50025,2023-03-14 10:33:00,17068.5285,-85.77149999999892,-6432.862499999919,stop-loss-hit
2023-03-14 15:29:00,short,17043.3,17128.516499999998,16745.04225,2023-03-15 09:15:00,17204.7,-161.40000000000146,-12105.00000000011,stop-loss-hit
2023-03-15 15:29:00,long,16972.15,16887.28925,17269.162625000004,2023-03-16 09:35:00,16887.28925,-84.86074999999983,-6364.556249999987,stop-loss-hit
2023-03-16 15:29:00,long,16985.6,16900.672,17282.847999999998,2023-03-17 15:29:00,17119.9,134.3000000000029,10072.500000000218,squared-off-at-end
2023-03-17 15:29:00,long,17100.05,17014.54975,17399.300875,2023-03-20 09:15:00,17014.54975,-85.50025000000096,-6412.518750000072,stop-loss-hit
2023-03-20 15:29:00,short,16988.4,17073.342,16691.103000000003,2023-03-21 09:15:00,17073.342,-84.9419999999991,-6370.649999999932,stop-loss-hit
2023-03-21 15:29:00,long,17107.5,17021.9625,17406.881250000002,2023-03-22 15:29:00,17150.9,43.400000000001455,3255.000000000109,squared-off-at-end
2023-03-22 15:29:00,long,17151.9,17066.1405,17452.058250000002,2023-03-23 09:17:00,17066.1405,-85.75950000000012,-6431.962500000009,stop-loss-hit
2023-03-23 15:29:00,short,17076.9,17162.284499999998,16778.05425,2023-03-24 15:29:00,16932.95,143.95000000000073,10796.250000000055,squared-off-at-end
2023-03-24 15:29:00,short,16945.05,17029.77525,16648.511625,2023-03-27 09:47:00,17029.77525,-84.7252499999995,-6354.393749999963,stop-loss-hit
2023-03-27 15:29:00,long,16985.7,16900.7715,17282.949750000003,2023-03-28 15:29:00,16964.1,-21.600000000002183,-1620.0000000001637,squared-off-at-end
2023-03-28 15:29:00,short,16951.7,17036.4585,16655.045250000003,2023-03-29 10:24:00,17036.4585,-84.75849999999991,-6356.887499999993,stop-loss-hit
2023-03-29 15:29:00,long,17080.7,16995.2965,17379.612250000002,2023-03-31 15:03:00,17379.612250000002,298.9122500000012,22418.41875000009,target-hit
2023-03-31 15:29:00,long,17359.75,17272.95125,17663.545625000002,2023-04-03 15:29:00,17398.5,38.75,2906.25,squared-off-at-end
2023-04-03 15:29:00,short,17398.05,17485.04025,17093.584125,2023-04-05 10:04:00,17485.04025,-86.99024999999892,-6524.268749999919,stop-loss-hit
2023-04-05 15:29:00,long,17557.05,17469.26475,17864.298375000002,2023-04-06 15:29:00,17598.85,41.79999999999927,3134.9999999999454,squared-off-at-end
2023-04-06 15:29:00,long,17599.15,17511.15425,17907.135125000004,2023-04-10 15:29:00,17615.65,16.5,1237.5,squared-off-at-end
2023-04-10 15:29:00,long,17624.05,17535.92975,17932.470875,2023-04-11 15:29:00,17715.35,91.29999999999927,6847.499999999945,squared-off-at-end
2023-04-11 15:29:00,long,17722.3,17633.6885,18032.44025,2023-04-12 15:29:00,17817.1,94.79999999999927,7109.999999999945,squared-off-at-end
2023-04-12 15:29:00,long,17812.4,17723.338,18124.117000000002,2023-04-13 15:29:00,17827.3,14.899999999997817,1117.4999999998363,squared-off-at-end
2023-04-13 15:29:00,long,17828.0,17738.86,18139.99,2023-04-17 09:15:00,17738.86,-89.13999999999942,-6685.499999999956,stop-loss-hit
2023-04-17 15:29:00,short,17706.85,17795.384249999996,17396.980125,2023-04-18 15:29:00,17658.7,48.14999999999782,3611.2499999998363,squared-off-at-end
2023-04-18 15:29:00,short,17660.15,17748.45075,17351.097375,2023-04-19 15:29:00,17613.55,46.60000000000218,3495.0000000001637,squared-off-at-end
2023-04-19 15:29:00,short,17618.75,17706.843749999996,17310.421875,2023-04-20 15:29:00,17622.35,-3.599999999998545,-269.99999999989086,squared-off-at-end
2023-04-20 15:29:00,long,17624.45,17536.32775,17932.877875000002,2023-04-21 15:29:00,17619.45,-5.0,-375.0,squared-off-at-end
2023-04-21 15:29:00,long,17624.05,17535.92975,17932.470875,2023-04-24 15:29:00,17745.05,121.0,9075.0,squared-off-at-end
2023-04-24 15:29:00,long,17743.4,17654.683,18053.9095,2023-04-25 15:29:00,17760.35,16.94999999999709,1271.2499999997817,squared-off-at-end
2023-04-25 15:29:00,long,17769.25,17680.40375,18080.211875,2023-04-26 15:29:00,17819.55,50.29999999999927,3772.4999999999454,squared-off-at-end
2023-04-26 15:29:00,long,17813.6,17724.532,18125.338,2023-04-27 15:29:00,17918.75,105.15000000000146,7886.250000000109,squared-off-at-end
2023-04-27 15:29:00,long,17915.05,17825.474749999998,18228.563375,2023-04-28 15:29:00,18066.85,151.79999999999927,11384.999999999945,squared-off-at-end
2023-04-28 15:29:00,long,18065.0,17974.675,18381.1375,2023-05-02 15:29:00,18136.6,71.59999999999854,5369.999999999891,squared-off-at-end
2023-05-02 15:29:00,long,18147.65,18056.911750000003,18465.233875,2023-05-03 09:25:00,18056.911750000003,-90.73824999999852,-6805.368749999889,stop-loss-hit
2023-05-03 15:29:00,long,18089.85,17999.400749999997,18406.422375,2023-05-04 15:29:00,18246.8,156.95000000000073,11771.250000000055,squared-off-at-end
2023-05-04 15:29:00,long,18255.8,18164.521,18575.2765,2023-05-05 09:15:00,18117.3,-138.5,-10387.5,stop-loss-hit
2023-05-05 15:29:00,short,18069.0,18159.344999999998,17752.7925,2023-05-08 09:18:00,18159.344999999998,-90.34499999999753,-6775.8749999998145,stop-loss-hit
2023-05-08 15:29:00,long,18264.4,18173.078,18584.027000000002,2023-05-09 15:29:00,18258.5,-5.900000000001455,-442.50000000010914,squared-off-at-end
2023-05-09 15:29:00,long,18265.95,18174.62025,18585.604125,2023-05-10 15:29:00,18311.0,45.04999999999927,3378.7499999999454,squared-off-at-end
2023-05-10 15:29:00,long,18315.1,18223.5245,18635.61425,2023-05-11 15:29:00,18308.7,-6.399999999997817,-479.9999999998363,squared-off-at-end
2023-05-11 15:29:00,long,18297.0,18205.515,18617.197500000002,2023-05-12 09:31:00,18205.515,-91.48500000000058,-6861.375000000044,stop-loss-hit
2023-05-12 15:29:00,long,18314.8,18223.226,18635.309,2023-05-15 15:29:00,18387.75,72.95000000000073,5471.250000000055,squared-off-at-end
2023-05-15 15:29:00,long,18398.85,18306.85575,18720.829875,2023-05-16 15:00:00,18306.85575,-91.99424999999974,-6899.56874999998,stop-loss-hit
2023-05-16 15:29:00,short,18286.5,18377.9325,17966.48625,2023-05-17 15:29:00,18189.45,97.04999999999927,7278.749999999945,squared-off-at-end
2023-05-17 15:29:00,short,18181.75,18272.65875,17863.569375,2023-05-18 09:15:00,18287.5,-105.75,-7931.25,stop-loss-hit
2023-05-18 15:29:00,short,18129.95,18220.599749999998,17812.675875,2023-05-19 15:29:00,18205.1,-75.14999999999782,-5636.249999999836,squared-off-at-end
2023-05-19 15:29:00,long,18203.4,18112.383,18521.959500000004,2023-05-22 15:29:00,18301.9,98.5,7387.5,squared-off-at-end
2023-05-22 15:29:00,long,18314.4,18222.828,18634.902000000002,2023-05-23 15:29:00,18335.1,20.69999999999709,1552.4999999997817,squared-off-at-end
2023-05-23 15:29:00,long,18348.0,18256.26,18669.09,2023-05-24 15:29:00,18286.65,-61.349999999998545,-4601.249999999891,squared-off-at-end
2023-05-24 15:29:00,short,18285.4,18376.827,17965.4055,2023-05-25 15:29:00,18335.2,-49.79999999999927,-3734.9999999999454,squared-off-at-end
2023-05-25 15:29:00,long,18321.15,18229.544250000003,18641.770125000003,2023-05-26 15:29:00,18498.75,177.59999999999854,13319.99999999989,squared-off-at-end
2023-05-26 15:29:00,long,18499.35,18406.85325,18823.088625,2023-05-29 15:29:00,18591.4,92.05000000000291,6903.750000000218,squared-off-at-end
2023-05-29 15:29:00,long,18598.65,18505.656750000002,18924.126375000003,2023-05-30 15:29:00,18639.3,40.64999999999782,3048.7499999998363,squared-off-at-end
2023-05-30 15:29:00,long,18633.85,18540.68075,18959.942375,2023-05-31 10:25:00,18540.68075,-93.16924999999901,-6987.693749999926,stop-loss-hit
2023-05-31 15:29:00,short,18534.4,18627.072,18210.048000000003,2023-06-01 15:29:00,18482.65,51.75,3881.25,squared-off-at-end
2023-06-01 15:29:00,short,18487.75,18580.188749999998,18164.214375,2023-06-02 15:29:00,18522.7,-34.95000000000073,-2621.2500000000546,squared-off-at-end
2023-06-02 15:29:00,long,18534.1,18441.4295,18858.44675,2023-06-05 15:29:00,18596.65,62.55000000000291,4691.250000000218,squared-off-at-end
2023-06-05 15:29:00,long,18593.85,18500.88075,18919.242375,2023-06-06 15:29:00,18617.0,23.150000000001455,1736.2500000001091,squared-off-at-end
2023-06-06 15:29:00,long,18599.0,18506.005,18924.482500000002,2023-06-07 15:29:00,18728.55,129.54999999999927,9716.249999999945,squared-off-at-end
2023-06-07 15:29:00,long,18726.4,18632.768,19054.112000000005,2023-06-08 15:09:00,18632.768,-93.63200000000143,-7022.400000000107,stop-loss-hit
2023-06-08 15:29:00,short,18634.55,18727.722749999997,18308.445375,2023-06-09 15:29:00,18562.4,72.14999999999782,5411.249999999836,squared-off-at-end
2023-06-09 15:29:00,short,18563.4,18656.217,18238.540500000003,2023-06-12 15:29:00,18606.5,-43.099999999998545,-3232.499999999891,squared-off-at-end
2023-06-12 15:29:00,long,18601.5,18508.4925,18927.026250000003,2023-06-13 15:29:00,18715.95,114.45000000000073,8583.750000000055,squared-off-at-end
2023-06-13 15:29:00,short,18716.15,18809.73075,18388.617375,2023-06-14 15:29:00,18749.65,-33.5,-2512.5,squared-off-at-end
2023-06-14 15:29:00,short,18755.9,18849.6795,18427.67175,2023-06-15 15:29:00,18685.4,70.5,5287.5,squared-off-at-end
2023-06-15 15:29:00,short,18688.1,18781.540499999996,18361.05825,2023-06-16 10:28:00,18781.540499999996,-93.44049999999697,-7008.037499999773,stop-loss-hit
2023-06-16 15:29:00,long,18826.0,18731.87,19155.455,2023-06-19 13:30:00,18731.87,-94.13000000000102,-7059.750000000076,stop-loss-hit
2023-06-19 15:29:00,short,18755.45,18849.22725,18427.229625,2023-06-20 15:29:00,18838.35,-82.89999999999782,-6217.499999999836,squared-off-at-end
2023-06-20 15:29:00,long,18816.7,18722.6165,19145.992250000003,2023-06-21 15:29:00,18860.65,43.95000000000073,3296.2500000000546,squared-off-at-end
2023-06-21 15:29:00,long,18856.85,18762.565749999998,19186.844875,2023-06-22 15:15:00,18762.565749999998,-94.28425000000061,-7071.318750000046,stop-loss-hit
2023-06-22 15:29:00,short,18771.25,18865.106249999997,18442.753125,2023-06-23 15:29:00,18657.65,113.59999999999854,8519.99999999989,squared-off-at-end
2023-06-23 15:29:00,short,18665.5,18758.8275,18338.853750000002,2023-06-26 15:29:00,18695.7,-30.200000000000728,-2265.0000000000546,squared-off-at-end
2023-06-26 15:29:00,long,18691.2,18597.744000000002,19018.296000000002,2023-06-27 15:29:00,18817.2,126.0,9450.0,squared-off-at-end
2023-06-27 15:29:00,long,18817.4,18723.313000000002,19146.704500000003,2023-06-28 15:29:00,18986.4,169.0,12675.0,squared-off-at-end
2023-06-28 15:29:00,long,18972.1,18877.2395,19304.11175,2023-06-30 15:29:00,19185.4,213.3000000000029,15997.500000000218,squared-off-at-end
2023-06-30 15:29:00,long,19189.05,19093.10475,19524.858375,2023-07-03 15:29:00,19329.9,140.85000000000218,10563.750000000164,squared-off-at-end
2023-07-03 15:29:00,long,19322.55,19225.93725,19660.694625,2023-07-04 15:29:00,19389.05,66.5,4987.5,squared-off-at-end
2023-07-04 15:29:00,long,19389.0,19292.055,19728.307500000003,2023-07-05 15:29:00,19410.85,21.849999999998545,1638.7499999998909,squared-off-at-end
2023-07-05 15:29:00,long,19398.5,19301.5075,19737.97375,2023-07-06 15:29:00,19492.0,93.5,7012.5,squared-off-at-end
2023-07-06 15:29:00,long,19497.3,19399.8135,19838.50275,2023-07-07 11:26:00,19399.8135,-97.48649999999907,-7311.48749999993,stop-loss-hit
2023-07-07 15:29:00,short,19331.8,19428.459,18993.4935,2023-07-10 10:24:00,19428.459,-96.65899999999965,-7249.424999999974,stop-loss-hit
2023-07-10 15:29:00,long,19355.9,19259.1205,19694.62825,2023-07-11 15:29:00,19447.25,91.34999999999854,6851.249999999891,squared-off-at-end
2023-07-11 15:29:00,long,19439.4,19342.203,19779.589500000002,2023-07-12 15:29:00,19379.05,-60.35000000000218,-4526.250000000164,squared-off-at-end
2023-07-12 15:29:00,long,19384.3,19287.3785,19723.525250000002,2023-07-13 15:29:00,19439.6,55.29999999999927,4147.499999999945,squared-off-at-end
2023-07-13 15:29:00,long,19413.75,19316.68125,19753.490625000002,2023-07-14 15:29:00,19587.15,173.40000000000146,13005.00000000011,squared-off-at-end
2023-07-14 15:29:00,long,19564.5,19466.6775,19906.87875,2023-07-17 15:29:00,19719.1,154.59999999999854,11594.99999999989,squared-off-at-end
2023-07-17 15:29:00,long,19711.45,19612.89275,20056.400375,2023-07-18 15:29:00,19745.5,34.04999999999927,2553.7499999999454,squared-off-at-end
2023-07-18 15:29:00,long,19749.25,19650.50375,20094.861875000002,2023-07-19 15:29:00,19841.95,92.70000000000073,6952.500000000055,squared-off-at-end
2023-07-19 15:29:00,long,19833.15,19733.98425,20180.230125000002,2023-07-20 15:29:00,19967.85,134.6999999999971,10102.499999999782,squared-off-at-end
2023-07-20 15:29:00,long,19979.15,19879.25425,20328.785125000002,2023-07-21 09:15:00,19776.0,-203.15000000000146,-15236.25000000011,stop-loss-hit
2023-07-21 15:29:00,short,19745.0,19843.725,19399.4625,2023-07-24 15:29:00,19661.5,83.5,6262.5,squared-off-at-end
2023-07-24 15:29:00,short,19672.35,19770.711749999995,19328.083875,2023-07-25 15:29:00,19677.25,-4.900000000001455,-367.50000000010914,squared-off-at-end
2023-07-25 15:29:00,long,19680.6,19582.197,20025.0105,2023-07-26 15:29:00,19771.1,90.5,6787.5,squared-off-at-end
2023-07-26 15:29:00,long,19778.3,19679.408499999998,20124.42025,2023-07-27 14:19:00,19679.408499999998,-98.89150000000154,-7416.862500000116,stop-loss-hit
2023-07-27 15:29:00,short,19659.9,19758.1995,19315.85175,2023-07-28 15:29:00,19637.25,22.650000000001455,1698.7500000001091,squared-off-at-end
2023-07-28 15:29:00,long,19646.05,19547.81975,19989.855875,2023-07-31 15:29:00,19742.3,96.25,7218.75,squared-off-at-end
2023-07-31 15:29:00,long,19753.8,19655.031,20099.4915,2023-08-01 15:29:00,19735.2,-18.599999999998545,-1394.9999999998909,squared-off-at-end
2023-08-01 15:29:00,long,19733.55,19634.88225,20078.887125,2023-08-02 09:26:00,19634.88225,-98.66775000000052,-7400.081250000039,stop-loss-hit
2023-08-02 15:29:00,short,19526.55,19624.182749999996,19184.835375,2023-08-03 15:29:00,19392.55,134.0,10050.0,squared-off-at-end
2023-08-03 15:29:00,short,19381.65,19478.55825,19042.471125000004,2023-08-04 09:17:00,19478.55825,-96.90824999999677,-7268.118749999758,stop-loss-hit
2023-08-04 15:29:00,long,19517.0,19419.415,19858.5475,2023-08-07 15:29:00,19595.85,78.84999999999854,5913.749999999891,squared-off-at-end
2023-08-07 15:29:00,long,19597.3,19499.3135,19940.25275,2023-08-08 15:29:00,19568.9,-28.399999999997817,-2129.9999999998363,squared-off-at-end
2023-08-08 15:29:00,short,19570.85,19668.704249999995,19228.360125,2023-08-09 15:29:00,19631.9,-61.05000000000291,-4578.750000000218,squared-off-at-end
2023-08-09 15:29:00,long,19632.55,19534.38725,19976.119625,2023-08-10 10:30:00,19534.38725,-98.1627499999995,-7362.206249999963,stop-loss-hit
2023-08-10 15:29:00,short,19543.1,19640.815499999997,19201.09575,2023-08-11 15:29:00,19422.9,120.19999999999709,9014.999999999782,squared-off-at-end
2023-08-11 15:29:00,short,19428.3,19525.441499999997,19088.30475,2023-08-14 15:29:00,19410.85,17.450000000000728,1308.7500000000546,squared-off-at-end
2023-08-14 15:29:00,long,19434.55,19337.377249999998,19774.654625,2023-08-16 09:15:00,19337.377249999998,-97.17275000000154,-7287.956250000116,stop-loss-hit
2023-08-16 15:29:00,long,19465.0,19367.675,19805.6375,2023-08-17 11:19:00,19367.675,-97.32500000000073,-7299.375000000055,stop-loss-hit
2023-08-17 15:29:00,short,19365.25,19462.07625,19026.358125000002,2023-08-18 15:29:00,19277.3,87.95000000000073,6596.250000000055,squared-off-at-end
2023-08-18 15:29:00,short,19310.15,19406.70075,18972.222375,2023-08-21 13:08:00,19406.70075,-96.55074999999852,-7241.306249999889,stop-loss-hit
2023-08-21 15:29:00,long,19393.6,19296.631999999998,19732.988,2023-08-22 15:29:00,19387.0,-6.599999999998545,-494.99999999989086,squared-off-at-end
2023-08-22 15:29:00,long,19396.45,19299.46775,19735.887875,2023-08-23 15:29:00,19441.35,44.89999999999782,3367.4999999998363,squared-off-at-end
2023-08-23 15:29:00,long,19444.0,19346.78,19784.27,2023-08-24 15:29:00,19381.75,-62.25,-4668.75,squared-off-at-end
2023-08-24 15:29:00,short,19386.7,19483.6335,19047.43275,2023-08-25 15:29:00,19237.85,148.85000000000218,11163.750000000164,squared-off-at-end
2023-08-25 15:29:00,short,19265.8,19362.128999999997,18928.6485,2023-08-28 14:04:00,19362.128999999997,-96.3289999999979,-7224.674999999843,stop-loss-hit
2023-08-28 15:29:00,long,19306.05,19209.51975,19643.905875,2023-08-29 15:29:00,19355.15,49.10000000000218,3682.5000000001637,squared-off-at-end
2023-08-29 15:29:00,long,19342.65,19245.93675,19681.146375000004,2023-08-30 15:29:00,19343.4,0.75,56.25,squared-off-at-end
2023-08-30 15:29:00,long,19347.45,19250.712750000002,19686.030375000002,2023-08-31 15:04:00,19250.712750000002,-96.73724999999831,-7255.293749999873,stop-loss-hit
2023-08-31 15:29:00,short,19253.8,19350.068999999996,18916.8585,2023-09-01 11:07:00,19350.068999999996,-96.2689999999966,-7220.174999999745,stop-loss-hit
2023-09-01 15:29:00,long,19435.3,19338.123499999998,19775.41775,2023-09-04 15:29:00,19530.15,94.85000000000218,7113.750000000164,squared-off-at-end
2023-09-04 15:29:00,long,19528.8,19431.156,19870.554,2023-09-05 15:29:00,19580.2,51.400000000001455,3855.000000000109,squared-off-at-end
2023-09-05 15:29:00,long,19574.9,19477.0255,19917.460750000002,2023-09-06 15:29:00,19615.05,40.14999999999782,3011.2499999998363,squared-off-at-end
2023-09-06 15:29:00,long,19611.05,19512.994749999998,19954.243375000002,2023-09-07 15:29:00,19720.95,109.90000000000146,8242.50000000011,squared-off-at-end
2023-09-07 15:29:00,long,19727.05,19628.41475,20072.273375,2023-09-08 15:29:00,19820.75,93.70000000000073,7027.500000000055,squared-off-at-end
2023-09-08 15:29:00,long,19819.95,19720.85025,20166.799125,2023-09-11 15:29:00,20004.45,184.5,13837.5,squared-off-at-end
2023-09-11 15:29:00,long,19996.35,19896.36825,20346.286125,2023-09-12 15:29:00,19990.25,-6.099999999998545,-457.49999999989086,squared-off-at-end
2023-09-12 15:29:00,long,19993.2,19893.234,20343.081000000002,2023-09-13 15:29:00,20058.65,65.45000000000073,4908.750000000055,squared-off-at-end
2023-09-13 15:29:00,short,20070.0,20170.35,19718.775,2023-09-14 15:29:00,20099.75,-29.75,-2231.25,squared-off-at-end
2023-09-14 15:29:00,long,20103.1,20002.584499999997,20454.90425,2023-09-15 15:29:00,20171.0,67.90000000000146,5092.500000000109,squared-off-at-end
2023-09-15 15:29:00,short,20192.35,20293.311749999997,19838.983874999998,2023-09-18 15:29:00,20120.2,72.14999999999782,5411.249999999836,squared-off-at-end
2023-09-18 15:29:00,long,20133.3,20032.6335,20485.63275,2023-09-20 09:15:00,19980.75,-152.54999999999927,-11441.249999999945,stop-loss-hit
2023-09-20 15:29:00,short,19901.4,20000.907,19553.125500000002,2023-09-21 15:29:00,19746.55,154.85000000000218,11613.750000000164,squared-off-at-end
2023-09-21 15:29:00,short,19742.35,19841.061749999997,19396.858874999998,2023-09-22 15:29:00,19679.25,63.099999999998545,4732.499999999891,squared-off-at-end
2023-09-22 15:29:00,short,19674.25,19772.621249999997,19329.950625,2023-09-25 15:29:00,19674.3,-0.049999999999272404,-3.7499999999454303,squared-off-at-end
2023-09-25 15:29:00,long,19674.55,19576.17725,20018.854625,2023-09-26 15:29:00,19666.1,-8.450000000000728,-633.7500000000546,squared-off-at-end
2023-09-26 15:29:00,long,19664.7,19566.376500000002,20008.832250000003,2023-09-27 10:07:00,19566.376500000002,-98.3234999999986,-7374.262499999895,stop-loss-hit
2023-09-27 15:29:00,long,19716.45,19617.86775,20061.487875000003,2023-09-28 12:26:00,19617.86775,-98.58224999999948,-7393.668749999961,stop-loss-hit
2023-09-28 15:29:00,short,19523.55,19621.167749999997,19181.887875,2023-09-29 11:31:00,19621.167749999997,-97.61774999999761,-7321.331249999821,stop-loss-hit
2023-09-29 15:29:00,long,19638.3,19540.1085,19981.970250000002,2023-10-03 09:15:00,19540.1085,-98.19150000000081,-7364.362500000061,stop-loss-hit
2023-10-03 15:29:00,short,19528.75,19626.39375,19186.996875,2023-10-04 15:29:00,19440.05,88.70000000000073,6652.500000000055,squared-off-at-end
2023-10-04 15:29:00,short,19436.1,19533.280499999997,19095.968249999998,2023-10-05 09:15:00,19533.280499999997,-97.18049999999857,-7288.537499999893,stop-loss-hit
2023-10-05 15:29:00,long,19545.75,19448.02125,19887.800625,2023-10-06 15:29:00,19647.4,101.65000000000146,7623.750000000109,squared-off-at-end
2023-10-06 15:29:00,long,19653.5,19555.2325,19997.436250000002,2023-10-09 09:15:00,19503.2,-150.29999999999927,-11272.499999999945,stop-loss-hit
2023-10-09 15:29:00,short,19512.35,19609.911749999996,19170.883875,2023-10-10 10:06:00,19609.911749999996,-97.56174999999712,-7317.131249999784,stop-loss-hit
2023-10-10 15:29:00,long,19689.85,19591.400749999997,20034.422375,2023-10-11 15:29:00,19807.35,117.5,8812.5,squared-off-at-end
2023-10-11 15:29:00,long,19811.35,19712.29325,20158.048625,2023-10-12 15:29:00,19783.55,-27.799999999999272,-2084.9999999999454,squared-off-at-end
2023-10-12 15:29:00,short,19794.0,19892.969999999998,19447.605,2023-10-13 15:29:00,19739.45,54.54999999999927,4091.2499999999454,squared-off-at-end
2023-10-13 15:29:00,long,19751.05,19652.29475,20096.693375,2023-10-16 15:29:00,19724.0,-27.049999999999272,-2028.7499999999454,squared-off-at-end
2023-10-16 15:29:00,short,19731.75,19830.40875,19386.444375,2023-10-17 09:15:00,19849.75,-118.0,-8850.0,stop-loss-hit
2023-10-17 15:29:00,long,19811.5,19712.4425,20158.201250000002,2023-10-18 11:56:00,19712.4425,-99.05749999999898,-7429.312499999924,stop-loss-hit
2023-10-18 15:29:00,short,19671.1,19769.455499999996,19326.85575,2023-10-19 15:29:00,19604.25,66.84999999999854,5013.749999999891,squared-off-at-end
2023-10-19 15:29:00,short,19624.7,19722.8235,19281.267750000003,2023-10-20 15:29:00,19537.6,87.10000000000218,6532.500000000164,squared-off-at-end
2023-10-20 15:29:00,long,19542.65,19444.93675,19884.646375000004,2023-10-23 13:02:00,19444.93675,-97.7132500000007,-7328.493750000052,stop-loss-hit
2023-10-23 15:29:00,short,19281.75,19378.15875,18944.319375,2023-10-25 15:29:00,19118.9,162.84999999999854,12213.74999999989,squared-off-at-end
2023-10-25 15:29:00,short,19122.15,19217.760749999998,18787.512375000002,2023-10-26 15:29:00,18843.85,278.3000000000029,20872.50000000022,squared-off-at-end
2023-10-26 15:29:00,short,18857.25,18951.536249999997,18527.248125000002,2023-10-27 09:15:00,18951.536249999997,-94.28624999999738,-7071.468749999804,stop-loss-hit
2023-10-27 15:29:00,long,19047.25,18952.01375,19380.576875000002,2023-10-30 09:43:00,18952.01375,-95.23625000000175,-7142.718750000131,stop-loss-hit
2023-10-30 15:29:00,long,19140.9,19045.1955,19475.865750000004,2023-10-31 15:29:00,19087.45,-53.45000000000073,-4008.7500000000546,squared-off-at-end
2023-10-31 15:29:00,short,19079.6,19174.997999999996,18745.707,2023-11-01 15:29:00,18993.1,86.5,6487.5,squared-off-at-end
2023-11-01 15:29:00,short,18989.15,19084.09575,18656.839875,2023-11-02 09:15:00,19139.2,-150.04999999999927,-11253.749999999945,stop-loss-hit
2023-11-02 15:29:00,long,19133.25,19037.58375,19468.081875,2023-11-03 15:29:00,19224.7,91.45000000000073,6858.750000000055,squared-off-at-end
2023-11-03 15:29:00,long,19230.6,19134.447,19567.1355,2023-11-06 15:29:00,19407.55,176.95000000000073,13271.250000000055,squared-off-at-end
2023-11-06 15:29:00,long,19411.75,19314.69125,19751.455625000002,2023-11-07 15:29:00,19413.05,1.2999999999992724,97.49999999994543,squared-off-at-end
2023-11-07 15:29:00,long,19406.7,19309.6665,19746.317250000004,2023-11-08 15:29:00,19434.5,27.799999999999272,2084.9999999999454,squared-off-at-end
2023-11-08 15:29:00,long,19443.5,19346.2825,19783.76125,2023-11-09 15:29:00,19399.45,-44.04999999999927,-3303.7499999999454,squared-off-at-end
2023-11-09 15:29:00,short,19395.3,19492.276499999996,19055.88225,2023-11-10 15:29:00,19445.6,-50.29999999999927,-3772.4999999999454,squared-off-at-end
2023-11-13 15:29:00,short,19443.55,19540.767749999995,19103.287875,2023-11-15 09:15:00,19653.35,-209.79999999999927,-15734.999999999945,stop-loss-hit
2023-11-15 15:29:00,long,19675.45,19577.07275,20019.770375000004,2023-11-16 15:29:00,19759.15,83.70000000000073,6277.500000000055,squared-off-at-end
2023-11-16 15:29:00,long,19765.2,19666.374,20111.091,2023-11-17 15:29:00,19721.15,-44.04999999999927,-3303.7499999999454,squared-off-at-end
2023-11-17 15:29:00,short,19731.8,19830.459,19386.4935,2023-11-20 15:29:00,19696.95,34.849999999998545,2613.749999999891,squared-off-at-end
2023-11-20 15:29:00,short,19694.0,19792.469999999998,19349.355,2023-11-21 12:14:00,19792.469999999998,-98.46999999999753,-7385.2499999998145,stop-loss-hit
2023-11-21 15:29:00,short,19783.4,19882.317,19437.1905,2023-11-22 15:29:00,19815.35,-31.94999999999709,-2396.2499999997817,squared-off-at-end
2023-11-22 15:29:00,long,19811.85,19712.79075,20158.557375,2023-11-23 15:29:00,19812.65,0.8000000000029104,60.00000000021828,squared-off-at-end
2023-11-23 15:29:00,short,19802.0,19901.01,19455.465,2023-11-24 15:29:00,19791.45,10.549999999999272,791.2499999999454,squared-off-at-end
2023-11-24 15:29:00,short,19794.7,19893.673499999997,19448.29275,2023-11-28 15:13:00,19893.673499999997,-98.97349999999642,-7423.0124999997315,stop-loss-hit
2023-11-28 15:29:00,long,19889.7,19790.251500000002,20237.769750000003,2023-11-29 15:29:00,20095.65,205.95000000000073,15446.250000000055,squared-off-at-end
2023-11-29 15:29:00,long,20096.6,19996.117,20448.2905,2023-11-30 15:29:00,20133.65,37.05000000000291,2778.7500000002183,squared-off-at-end
2023-11-30 15:29:00,long,20133.15,20032.48425,20485.480125000002,2023-12-01 15:29:00,20254.35,121.19999999999709,9089.999999999782,squared-off-at-end
2023-12-01 15:29:00,long,20267.9,20166.5605,20622.588250000004,2023-12-04 13:42:00,20622.588250000004,354.6882500000029,26601.618750000216,target-hit
2023-12-04 15:29:00,long,20686.8,20583.365999999998,21048.819,2023-12-05 15:29:00,20857.65,170.85000000000218,12813.750000000164,squared-off-at-end
2023-12-05 15:29:00,long,20855.1,20750.8245,21220.06425,2023-12-06 15:29:00,20937.0,81.90000000000146,6142.500000000109,squared-off-at-end
2023-12-06 15:29:00,long,20937.7,20833.0115,21304.109750000003,2023-12-07 15:29:00,20910.9,-26.799999999999272,-2009.9999999999454,squared-off-at-end
2023-12-07 15:29:00,long,20901.15,20796.64425,21266.920125000004,2023-12-08 15:29:00,20975.3,74.14999999999782,5561.249999999836,squared-off-at-end
2023-12-08 15:29:00,long,20969.4,20864.553,21336.364500000003,2023-12-11 15:29:00,20994.85,25.44999999999709,1908.7499999997817,squared-off-at-end
2023-12-11 15:29:00,long,20997.1,20892.1145,21364.54925,2023-12-12 14:43:00,20892.1145,-104.98549999999886,-7873.912499999915,stop-loss-hit
2023-12-12 15:29:00,short,20906.4,21010.932,20540.538,2023-12-13 15:29:00,20938.85,-32.44999999999709,-2433.7499999997817,squared-off-at-end
2023-12-13 15:29:00,long,20926.35,20821.718249999998,21292.561125,2023-12-14 15:29:00,21195.65,269.3000000000029,20197.50000000022,squared-off-at-end
2023-12-14 15:29:00,long,21182.7,21076.786500000002,21553.39725,2023-12-15 15:29:00,21464.3,281.59999999999854,21119.99999999989,squared-off-at-end
2023-12-15 15:29:00,long,21456.65,21349.36675,21832.141375000003,2023-12-18 15:29:00,21410.95,-45.70000000000073,-3427.5000000000546,squared-off-at-end
2023-12-18 15:29:00,long,21418.65,21311.55675,21793.476375000002,2023-12-19 15:29:00,21449.4,30.75,2306.25,squared-off-at-end
2023-12-19 15:29:00,long,21453.1,21345.834499999997,21828.52925,2023-12-20 13:34:00,21345.834499999997,-107.26550000000134,-8044.9125000001,stop-loss-hit
2023-12-20 15:29:00,short,21150.15,21255.90075,20780.022375,2023-12-21 12:54:00,21255.90075,-105.75074999999924,-7931.306249999943,stop-loss-hit
2023-12-21 15:29:00,long,21255.05,21148.77475,21627.013375000002,2023-12-22 15:29:00,21333.4,78.35000000000218,5876.250000000164,squared-off-at-end
2023-12-22 15:29:00,short,21349.4,21456.147,20975.7855,2023-12-26 10:39:00,21456.147,-106.74699999999939,-8006.024999999954,stop-loss-hit
2023-12-26 15:29:00,long,21441.35,21334.143249999997,21816.573625,2023-12-27 15:29:00,21662.25,220.90000000000146,16567.50000000011,squared-off-at-end
2023-12-27 15:29:00,long,21654.75,21546.47625,22033.708125,2023-12-28 15:29:00,21785.15,130.40000000000146,9780.00000000011,squared-off-at-end
2023-12-28 15:29:00,long,21778.7,21669.806500000002,22159.827250000002,2023-12-29 15:29:00,21733.2,-45.5,-3412.5,squared-off-at-end
2023-12-29 15:29:00,long,21731.4,21622.743000000002,22111.699500000002,2024-01-01 15:29:00,21684.2,-47.20000000000073,-3540.0000000000546,squared-off-at-end
2024-01-01 15:29:00,long,21741.9,21633.1905,22122.383250000003,2024-01-02 09:59:00,21633.1905,-108.70950000000084,-8153.212500000063,stop-loss-hit
2024-01-02 15:29:00,short,21665.8,21774.128999999997,21286.6485,2024-01-03 15:29:00,21515.05,150.75,11306.25,squared-off-at-end
2024-01-03 15:29:00,short,21517.35,21624.936749999997,21140.796374999998,2024-01-04 10:14:00,21624.936749999997,-107.58674999999857,-8069.006249999893,stop-loss-hit
2024-01-04 15:29:00,long,21658.6,21550.306999999997,22037.6255,2024-01-05 15:29:00,21707.65,49.05000000000291,3678.7500000002183,squared-off-at-end
2024-01-05 15:29:00,long,21710.8,21602.246,22090.739,2024-01-08 11:08:00,21602.246,-108.55400000000009,-8141.550000000007,stop-loss-hit
2024-01-08 15:29:00,short,21513.0,21620.565,21136.5225,2024-01-09 09:15:00,21655.75,-142.75,-10706.25,stop-loss-hit
2024-01-09 15:29:00,long,21544.85,21437.12575,21921.884875,2024-01-10 15:29:00,21630.0,85.15000000000146,6386.250000000109,squared-off-at-end
2024-01-10 15:29:00,long,21618.7,21510.6065,21997.027250000003,2024-01-11 15:29:00,21653.55,34.849999999998545,2613.749999999891,squared-off-at-end
2024-01-11 15:29:00,long,21647.2,21538.964,22026.026,2024-01-12 15:29:00,21910.95,263.75,19781.25,squared-off-at-end
2024-01-12 15:29:00,long,21894.55,21785.07725,22277.704625000002,2024-01-15 15:29:00,22104.9,210.35000000000218,15776.250000000164,squared-off-at-end
2024-01-15 15:29:00,long,22097.45,21986.962750000002,22484.155375000002,2024-01-16 13:33:00,21986.962750000002,-110.48724999999831,-8286.543749999873,stop-loss-hit
2024-01-16 15:29:00,long,22032.3,21922.1385,22417.865250000003,2024-01-17 09:15:00,21636.95,-395.34999999999854,-29651.24999999989,stop-loss-hit
2024-01-17 15:29:00,short,21571.95,21679.809749999997,21194.440875,2024-01-18 15:29:00,21473.3,98.65000000000146,7398.750000000109,squared-off-at-end
2024-01-18 15:29:00,short,21462.25,21569.56125,21086.660625,2024-01-19 09:15:00,21621.8,-159.54999999999927,-11966.249999999945,stop-loss-hit
2024-01-19 15:29:00,long,21622.4,21514.288,22000.792,2024-01-20 15:29:00,21583.3,-39.10000000000218,-2932.5000000001637,squared-off-at-end
2024-01-20 15:29:00,short,21571.8,21679.658999999996,21194.2935,2024-01-23 09:15:00,21741.2,-169.40000000000146,-12705.00000000011,stop-loss-hit
2024-01-23 15:29:00,long,21238.8,21132.606,21610.479,2024-01-24 15:29:00,21463.1,224.29999999999927,16822.499999999945,squared-off-at-end
2024-01-24 15:29:00,long,21453.95,21346.68025,21829.394125000003,2024-01-25 10:16:00,21346.68025,-107.26974999999948,-8045.231249999961,stop-loss-hit
2024-01-25 15:29:00,short,21352.6,21459.362999999998,20978.9295,2024-01-29 09:15:00,21459.362999999998,-106.76299999999901,-8007.224999999926,stop-loss-hit
2024-01-29 15:29:00,long,21737.6,21628.912,22118.008,2024-01-30 14:26:00,21628.912,-108.68799999999828,-8151.599999999871,stop-loss-hit
2024-01-30 15:29:00,long,21522.1,21414.4895,21898.73675,2024-01-31 15:29:00,21705.25,183.15000000000146,13736.25000000011,squared-off-at-end
2024-01-31 15:29:00,long,21725.7,21617.071500000002,22105.89975,2024-02-01 15:29:00,21682.4,-43.29999999999927,-3247.4999999999454,squared-off-at-end
2024-02-01 15:29:00,long,21697.45,21588.962750000002,22077.155375000002,2024-02-02 11:37:00,22077.155375000002,379.70537500000137,28477.903125000103,target-hit
2024-02-02 15:29:00,long,21853.8,21744.531,22236.2415,2024-02-05 14:45:00,21744.531,-109.26900000000023,-8195.175000000017,stop-loss-hit
2024-02-05 15:29:00,short,21771.7,21880.5585,21390.69525,2024-02-06 11:34:00,21880.5585,-108.85849999999846,-8164.387499999884,stop-loss-hit
2024-02-06 15:29:00,long,21929.4,21819.753,22313.164500000003,2024-02-07 15:29:00,21949.8,20.399999999997817,1529.9999999998363,squared-off-at-end
2024-02-07 15:29:00,long,21930.5,21820.8475,22314.283750000002,2024-02-08 11:00:00,21820.8475,-109.65250000000015,-8223.937500000011,stop-loss-hit
2024-02-08 15:29:00,short,21717.95,21826.53975,21337.885875,2024-02-09 15:29:00,21775.2,-57.25,-4293.75,squared-off-at-end
2024-02-09 15:29:00,long,21782.5,21673.5875,22163.693750000002,2024-02-12 10:11:00,21673.5875,-108.91249999999854,-8168.437499999891,stop-loss-hit
2024-02-12 15:29:00,short,21616.05,21724.13025,21237.769125,2024-02-13 10:15:00,21724.13025,-108.08024999999907,-8106.01874999993,stop-loss-hit
2024-02-13 15:29:00,long,21743.25,21634.53375,22123.756875000003,2024-02-14 09:15:00,21553.7,-189.54999999999927,-14216.249999999945,stop-loss-hit
2024-02-14 15:29:00,short,21840.05,21949.250249999997,21457.849125,2024-02-15 13:52:00,21949.250249999997,-109.20024999999805,-8190.018749999854,stop-loss-hit
2024-02-15 15:29:00,long,21910.75,21801.19625,22294.188125,2024-02-16 15:29:00,22037.6,126.84999999999854,9513.74999999989,squared-off-at-end
2024-02-16 15:29:00,long,22040.7,21930.4965,22426.41225,2024-02-19 15:29:00,22118.15,77.45000000000073,5808.750000000055,squared-off-at-end
2024-02-19 15:29:00,long,22122.25,22011.63875,22509.389375000002,2024-02-20 15:29:00,22206.45,84.20000000000073,6315.000000000055,squared-off-at-end
2024-02-20 15:29:00,long,22196.95,22085.96525,22585.396625,2024-02-21 14:23:00,22085.96525,-110.98474999999962,-8323.856249999972,stop-loss-hit
2024-02-21 15:29:00,short,22055.05,22165.325249999998,21669.086625,2024-02-22 14:51:00,22165.325249999998,-110.27524999999878,-8270.643749999908,stop-loss-hit
2024-02-22 15:29:00,long,22217.45,22106.36275,22606.255375,2024-02-23 15:29:00,22195.85,-21.600000000002183,-1620.0000000001637,squared-off-at-end
2024-02-23 15:29:00,long,22212.7,22101.6365,22601.422250000003,2024-02-26 11:00:00,22101.6365,-111.0635000000002,-8329.762500000015,stop-loss-hit
2024-02-26 15:29:00,short,22122.05,22232.660249999997,21734.914125,2024-02-27 15:29:00,22190.15,-68.10000000000218,-5107.500000000164,squared-off-at-end
2024-02-27 15:29:00,short,22198.35,22309.341749999996,21809.878875,2024-02-28 15:29:00,21922.9,275.4499999999971,20658.74999999978,squared-off-at-end
2024-02-28 15:29:00,short,21951.15,22060.905749999998,21567.004875000002,2024-02-29 15:29:00,22050.65,-99.5,-7462.5,squared-off-at-end
2024-02-29 15:29:00,long,21982.8,21872.886,22367.499,2024-03-01 15:29:00,22324.5,341.7000000000007,25627.500000000055,squared-off-at-end
2024-03-01 15:29:00,long,22338.75,22227.05625,22729.678125000002,2024-03-02 12:29:00,22378.15,39.400000000001455,2955.000000000109,squared-off-at-end
2024-03-02 15:29:00,short,22378.4,22490.291999999998,21986.778000000002,2024-03-04 15:29:00,22397.15,-18.75,-1406.25,squared-off-at-end
2024-03-04 15:29:00,long,22405.6,22293.572,22797.698,2024-03-05 10:21:00,22278.65,-126.94999999999709,-9521.249999999782,stop-loss-hit
2024-03-05 15:29:00,long,22356.3,22244.5185,22747.53525,2024-03-06 11:39:00,22244.5185,-111.78150000000096,-8383.612500000072,stop-loss-hit
2024-03-06 15:29:00,long,22474.05,22361.67975,22867.345875,2024-03-07 15:29:00,22485.8,11.75,881.25,squared-off-at-end
2024-03-07 15:29:00,long,22493.55,22381.08225,22887.187125,2024-03-11 12:11:00,22381.08225,-112.4677499999998,-8435.081249999985,stop-loss-hit
2024-03-11 15:29:00,short,22332.65,22444.31325,21941.828625000002,2024-03-12 10:04:00,22444.31325,-111.66324999999779,-8374.743749999834,stop-loss-hit
2024-03-12 15:29:00,long,22335.7,22224.0215,22726.574750000003,2024-03-13 11:22:00,22224.0215,-111.6785000000018,-8375.887500000135,stop-loss-hit
2024-03-13 15:29:00,short,21997.7,22107.6885,21612.740250000003,2024-03-14 11:32:00,22107.6885,-109.98849999999948,-8249.13749999996,stop-loss-hit
2024-03-14 15:29:00,long,22146.65,22035.91675,22534.216375000004,2024-03-15 09:37:00,22035.91675,-110.73325000000114,-8304.993750000085,stop-loss-hit
2024-03-15 15:29:00,short,22023.35,22133.466749999996,21637.941375,2024-03-18 15:29:00,22057.9,-34.55000000000291,-2591.2500000002183,squared-off-at-end
2024-03-18 15:29:00,long,22055.7,21945.4215,22441.674750000002,2024-03-19 09:17:00,21945.4215,-110.27850000000035,-8270.887500000026,stop-loss-hit
2024-03-19 15:29:00,short,21817.45,21926.537249999998,21435.644625,2024-03-20 13:23:00,21926.537249999998,-109.08724999999686,-8181.543749999764,stop-loss-hit
2024-03-20 15:29:00,long,21839.1,21729.904499999997,22221.28425,2024-03-21 15:29:00,22017.15,178.0500000000029,13353.750000000218,squared-off-at-end
2024-03-21 15:29:00,long,22011.95,21901.89025,22397.159125000002,2024-03-22 09:27:00,21901.89025,-110.05975000000035,-8254.481250000026,stop-loss-hit
2024-03-22 15:29:00,long,22096.75,21986.26625,22483.443125,2024-03-26 09:15:00,21947.55,-149.20000000000073,-11190.000000000055,stop-loss-hit
2024-03-26 15:29:00,long,22004.7,21894.6765,22389.782250000004,2024-03-27 15:29:00,22154.2,149.5,11212.5,squared-off-at-end
2024-03-27 15:29:00,long,22123.65,22013.031750000002,22510.813875000003,2024-03-28 14:42:00,22510.813875000003,387.163875000002,29037.29062500015,target-hit
2024-03-28 15:29:00,long,22326.9,22215.2655,22717.620750000002,2024-04-01 15:29:00,22468.5,141.59999999999854,10619.99999999989,squared-off-at-end
2024-04-01 15:29:00,long,22462.0,22349.69,22855.085000000003,2024-04-02 15:29:00,22462.1,0.09999999999854481,7.499999999890861,squared-off-at-end
2024-04-02 15:29:00,short,22453.3,22565.566499999997,22060.36725,2024-04-03 15:29:00,22436.45,16.849999999998545,1263.7499999998909,squared-off-at-end
2024-04-03 15:29:00,long,22434.65,22322.47675,22827.256375000004,2024-04-04 10:54:00,22322.47675,-112.17324999999983,-8412.993749999987,stop-loss-hit
2024-04-04 15:29:00,long,22514.65,22402.07675,22908.656375000002,2024-04-05 15:29:00,22526.0,11.349999999998545,851.2499999998909,squared-off-at-end
2024-04-05 15:29:00,long,22513.7,22401.1315,22907.68975,2024-04-08 15:29:00,22666.7,153.0,11475.0,squared-off-at-end
2024-04-08 15:29:00,long,22666.3,22552.9685,23062.96025,2024-04-09 15:29:00,22640.25,-26.049999999999272,-1953.7499999999454,squared-off-at-end
2024-04-09 15:29:00,short,22642.75,22755.96375,22246.501875,2024-04-10 15:01:00,22755.96375,-113.21374999999898,-8491.031249999924,stop-loss-hit
2024-04-10 15:29:00,long,22753.8,22640.031,23151.9915,2024-04-12 09:44:00,22640.031,-113.76900000000023,-8532.675000000017,stop-loss-hit
2024-04-12 15:29:00,short,22519.4,22631.997,22125.310500000003,2024-04-15 15:29:00,22273.85,245.5500000000029,18416.25000000022,squared-off-at-end
2024-04-15 15:29:00,short,22272.5,22383.8625,21882.73125,2024-04-16 15:29:00,22166.95,105.54999999999927,7916.249999999945,squared-off-at-end
2024-04-16 15:29:00,short,22147.9,22258.639499999997,21760.31175,2024-04-18 09:16:00,22258.639499999997,-110.73949999999604,-8305.462499999703,stop-loss-hit
2024-04-18 15:29:00,short,21995.85,22105.829249999995,21610.922625,2024-04-19 13:52:00,22105.829249999995,-109.97924999999668,-8248.443749999751,stop-loss-hit
2024-04-19 15:29:00,short,22147.0,22257.734999999997,21759.4275,2024-04-22 09:15:00,22337.1,-190.09999999999854,-14257.49999999989,stop-loss-hit
2024-04-22 15:29:00,long,22336.4,22224.718,22727.287000000004,2024-04-23 15:29:00,22354.3,17.899999999997817,1342.4999999998363,squared-off-at-end
2024-04-23 15:29:00,long,22368.0,22256.16,22759.440000000002,2024-04-24 15:29:00,22407.65,39.650000000001455,2973.750000000109,squared-off-at-end
2024-04-24 15:29:00,long,22402.4,22290.388000000003,22794.442000000003,2024-04-25 15:29:00,22558.0,155.59999999999854,11669.99999999989,squared-off-at-end
2024-04-25 15:29:00,long,22570.35,22457.498249999997,22965.331125,2024-04-26 13:28:00,22457.498249999997,-112.85175000000163,-8463.881250000122,stop-loss-hit
2024-04-26 15:29:00,short,22419.95,22532.04975,22027.600875,2024-04-29 09:32:00,22532.04975,-112.09974999999758,-8407.481249999819,stop-loss-hit
2024-04-29 15:29:00,long,22643.4,22530.183,23039.6595,2024-04-30 15:29:00,22581.45,-61.95000000000073,-4646.250000000055,squared-off-at-end
2024-04-30 15:29:00,short,22604.85,22717.874249999997,22209.265124999998,2024-05-02 15:29:00,22648.8,-43.95000000000073,-3296.2500000000546,squared-off-at-end
2024-05-02 15:29:00,long,22648.2,22534.959,23044.543500000003,2024-05-03 11:22:00,22534.959,-113.2410000000018,-8493.075000000135,stop-loss-hit
2024-05-03 15:29:00,short,22475.85,22588.229249999997,22082.522624999998,2024-05-06 09:30:00,22588.229249999997,-112.37924999999814,-8428.44374999986,stop-loss-hit
2024-05-06 15:29:00,short,22442.7,22554.9135,22049.95275,2024-05-07 15:29:00,22299.0,143.70000000000073,10777.500000000055,squared-off-at-end
2024-05-07 15:29:00,short,22302.5,22414.012499999997,21912.20625,2024-05-08 15:29:00,22308.8,-6.299999999999272,-472.49999999994543,squared-off-at-end
2024-05-08 15:29:00,long,22302.5,22190.9875,22692.79375,2024-05-09 10:14:00,22190.9875,-111.51250000000073,-8363.437500000055,stop-loss-hit
2024-05-09 15:29:00,short,21957.5,22067.2875,21573.24375,2024-05-10 09:44:00,22067.2875,-109.78749999999854,-8234.06249999989,stop-loss-hit
2024-05-10 15:29:00,short,22055.2,22165.476,21669.234,2024-05-13 15:29:00,22119.55,-64.34999999999854,-4826.249999999891,squared-off-at-end
2024-05-13 15:29:00,long,22104.05,21993.529749999998,22490.870875,2024-05-14 15:29:00,22220.05,116.0,8700.0,squared-off-at-end
2024-05-14 15:29:00,long,22217.85,22106.760749999998,22606.662375,2024-05-15 15:29:00,22208.95,-8.899999999997817,-667.4999999998363,squared-off-at-end
2024-05-15 15:29:00,long,22200.55,22089.54725,22589.059625,2024-05-16 13:16:00,22089.54725,-111.00274999999965,-8325.206249999974,stop-loss-hit
2024-05-16 15:29:00,long,22403.85,22291.830749999997,22795.917375,2024-05-17 15:29:00,22466.75,62.900000000001455,4717.500000000109,squared-off-at-end
2024-05-17 15:29:00,long,22466.1,22353.7695,22859.25675,2024-05-18 12:29:00,22508.3,42.20000000000073,3165.0000000000546,squared-off-at-end
2024-05-18 15:29:00,long,22502.0,22389.49,22895.785,2024-05-21 15:29:00,22510.25,8.25,618.75,squared-off-at-end
2024-05-21 15:29:00,long,22529.05,22416.404749999998,22923.308375,2024-05-22 15:29:00,22618.0,88.95000000000073,6671.250000000055,squared-off-at-end
2024-05-22 15:29:00,long,22597.8,22484.810999999998,22993.2615,2024-05-23 15:18:00,22993.2615,395.46150000000125,29659.612500000094,target-hit
2024-05-23 15:29:00,long,22967.65,22852.81175,23369.583875000004,2024-05-24 15:29:00,22944.75,-22.900000000001455,-1717.5000000001091,squared-off-at-end
2024-05-24 15:29:00,short,22957.1,23071.885499999997,22555.350749999998,2024-05-27 11:57:00,23071.885499999997,-114.78549999999814,-8608.91249999986,stop-loss-hit
2024-05-27 15:29:00,long,22932.45,22817.78775,23333.767875,2024-05-28 15:29:00,22860.8,-71.65000000000146,-5373.750000000109,squared-off-at-end
2024-05-28 15:29:00,long,22888.15,22773.70925,23288.692625000003,2024-05-29 09:15:00,22762.25,-125.90000000000146,-9442.50000000011,stop-loss-hit
2024-05-29 15:29:00,short,22704.7,22818.2235,22307.36775,2024-05-30 15:29:00,22555.95,148.75,11156.25,squared-off-at-end
2024-05-30 15:29:00,short,22488.65,22601.093249999998,22095.098625000002,2024-05-31 09:20:00,22601.093249999998,-112.44324999999662,-8433.243749999747,stop-loss-hit
2024-05-31 15:29:00,long,22530.7,22418.0465,22924.987250000002,2024-06-03 09:15:00,23083.7,553.0,41475.0,target-hit
2024-06-03 15:29:00,long,23263.9,23147.5805,23671.018250000005,2024-06-04 09:15:00,23147.5805,-116.31950000000143,-8723.962500000107,stop-loss-hit
2024-06-04 15:29:00,long,21884.5,21775.0775,22267.478750000002,2024-06-05 11:07:00,22267.478750000002,382.97875000000204,28723.406250000153,target-hit
2024-06-05 15:29:00,long,22620.35,22507.248249999997,23016.206125,2024-06-06 15:29:00,22855.9,235.5500000000029,17666.25000000022,squared-off-at-end
2024-06-06 15:29:00,long,22821.4,22707.293,23220.774500000003,2024-06-07 11:53:00,23220.774500000003,399.3745000000017,29953.08750000013,target-hit
2024-06-07 15:29:00,long,23290.15,23173.69925,23697.727625000003,2024-06-10 15:29:00,23233.9,-56.25,-4218.75,squared-off-at-end
2024-06-10 15:29:00,short,23259.2,23375.496,22852.164,2024-06-11 13:35:00,23375.496,-116.29599999999846,-8722.199999999884,stop-loss-hit
2024-06-11 15:29:00,long,23264.85,23148.525749999997,23671.984875000002,2024-06-12 15:29:00,23303.8,38.95000000000073,2921.2500000000546,squared-off-at-end
2024-06-12 15:29:00,long,23322.95,23206.33525,23731.101625000003,2024-06-13 15:29:00,23398.55,75.59999999999854,5669.999999999891,squared-off-at-end
2024-06-13 15:29:00,long,23398.9,23281.9055,23808.380750000004,2024-06-14 15:29:00,23452.75,53.849999999998545,4038.749999999891,squared-off-at-end
2024-06-14 15:29:00,long,23465.6,23348.271999999997,23876.248,2024-06-18 15:29:00,23567.05,101.45000000000073,7608.750000000055,squared-off-at-end
2024-06-18 15:29:00,long,23557.9,23440.110500000003,23970.16325,2024-06-19 10:30:00,23440.110500000003,-117.78949999999895,-8834.212499999921,stop-loss-hit
2024-06-19 15:29:00,short,23516.0,23633.579999999998,23104.47,2024-06-20 15:29:00,23582.45,-66.45000000000073,-4983.750000000055,squared-off-at-end
2024-06-20 15:29:00,long,23567.0,23449.165,23979.4225,2024-06-21 12:47:00,23449.165,-117.83499999999913,-8837.624999999935,stop-loss-hit
2024-06-21 15:29:00,short,23501.1,23618.605499999998,23089.83075,2024-06-24 15:29:00,23543.2,-42.10000000000218,-3157.5000000001637,squared-off-at-end
2024-06-24 15:29:00,long,23537.85,23420.16075,23949.762375,2024-06-25 15:29:00,23722.7,184.85000000000218,13863.750000000164,squared-off-at-end
2024-06-25 15:29:00,long,23721.3,23602.693499999998,24136.42275,2024-06-26 15:29:00,23852.6,131.29999999999927,9847.499999999945,squared-off-at-end
2024-06-26 15:29:00,long,23868.8,23749.456,24286.504,2024-06-27 15:29:00,24046.8,178.0,13350.0,squared-off-at-end
2024-06-27 15:29:00,long,24044.5,23924.2775,24465.27875,2024-06-28 15:29:00,24007.2,-37.29999999999927,-2797.4999999999454,squared-off-at-end
2024-06-28 15:29:00,long,24010.6,23890.547,24430.7855,2024-07-01 15:29:00,24122.6,112.0,8400.0,squared-off-at-end
2024-07-01 15:29:00,long,24141.95,24021.24025,24564.434125000003,2024-07-02 15:29:00,24114.9,-27.049999999999272,-2028.7499999999454,squared-off-at-end
